team_name,league,country,player_age,player_nationality,player_position,player_age.1,club_2,league_2,country_2
Manchester City,Premier League,England,23,Portugal,Centre-Back,23,Benfica,Liga Portugal,Portugal
Manchester City,Premier League,England,25,Netherlands,Centre-Back,25,Bournemouth,Championship,England
Manchester City,Premier League,England,20,Spain,Left Winger,20,Valencia,LaLiga,Spain
Manchester City,Premier League,England,22,Argentina,Centre-Forward,22,CA Talleres,Copa de la Liga,Argentina
Manchester City,Premier League,England,18,Brazil,Right-Back,18,Coritiba FC,Série A,Brazil
Manchester City,Premier League,England,19,Burkina Faso,Right-Back,19,KV Mechelen,Jupiler Pro League,Belgium
Manchester City,Premier League,England,24,England,Right Winger,24,Leeds,Premier League,England
Manchester City,Premier League,England,20,Spain,Right-Back,20,Real Valladolid,LaLiga,Spain
Manchester City,Premier League,England,25,United States,Goalkeeper,25,F. Düsseldorf,2. Bundesliga,Germany
Manchester City,Premier League,England,21,Germany,Centre-Forward,21,Middlesbrough,Championship,England
Manchester City,Premier League,England,20,Croatia,Central Midfield,20,KV Oostende,Jupiler Pro League,Belgium
Manchester City,Premier League,England,23,Netherlands,Centre-Back,23,RSC Anderlecht,Jupiler Pro League,Belgium
Manchester City,Premier League,England,23,Spain,Central Midfield,23,Mouscron,Jupiler Pro League,Belgium
Manchester City,Premier League,England,20,Serbia,Centre-Forward,20,FK Cukaricki,Super liga Srbije,Serbia
Manchester City,Premier League,England,19,England,Centre-Back,19,Blackburn,Championship,England
Manchester City,Premier League,England,23,England,Right Winger,23,Middlesbrough,Championship,England
Manchester City,Premier League,England,24,England,Right Winger,24,Derby,Championship,England
Manchester City,Premier League,England,20,Serbia,Attacking Midfield,20,NAC Breda,Keuken Kampioen Divisie,Netherlands
Manchester City,Premier League,England,21,Australia,Right Winger,21,Celtic,Premiership,Scotland
Manchester City,Premier League,England,23,Japan,Centre-Back,23,FC Groningen,Eredivisie,Netherlands
Manchester City,Premier League,England,23,Colombia,Left Winger,23,Portimonense,Liga Portugal,Portugal
Manchester City,Premier League,England,23,Ghana,Left Winger,23,SK Beveren,Jupiler Pro League,Belgium
Manchester City,Premier League,England,24,Germany,Right Winger,24,Bayern Munich,Bundesliga,Germany
Manchester City,Premier League,England,32,Argentina,Centre-Back,32,Benfica,Liga Portugal,Portugal
Manchester City,Premier League,England,34,Spain,Attacking Midfield,34,Real Sociedad,LaLiga,Spain
Manchester City,Premier League,England,23,Spain,Central Midfield,23,FC Dinamo,SuperLiga,Romania
Manchester City,Premier League,England,37,Chile,Goalkeeper,37,Real Betis,LaLiga,Spain
Manchester City,Premier League,England,20,Spain,Right-Back,20,Sporting CP,Liga Portugal,Portugal
Manchester City,Premier League,England,22,Argentina,Centre-Forward,22,Girona,LaLiga2,Spain
Manchester City,Premier League,England,21,Germany,Centre-Forward,21,RSC Anderlecht,Jupiler Pro League,Belgium
Manchester City,Premier League,England,20,Croatia,Central Midfield,20,Getafe,LaLiga,Spain
Manchester City,Premier League,England,18,Brazil,Right-Back,18,Girona,LaLiga2,Spain
Manchester City,Premier League,England,20,Serbia,Centre-Forward,20,PEC Zwolle,Eredivisie,Netherlands
Manchester City,Premier League,England,23,England,Right Winger,23,Middlesbrough,Championship,England
Manchester City,Premier League,England,21,Kosovo,Goalkeeper,21,Girona,LaLiga2,Spain
Manchester City,Premier League,England,19,Burkina Faso,Right-Back,19,KV Mechelen,Jupiler Pro League,Belgium
Manchester City,Premier League,England,21,Serbia,Attacking Midfield,21,Twente FC,Eredivisie,Netherlands
Manchester City,Premier League,England,21,Australia,Right Winger,21,FC Utrecht,Eredivisie,Netherlands
Manchester City,Premier League,England,23,Japan,Centre-Back,23,FC Groningen,Eredivisie,Netherlands
Manchester City,Premier League,England,22,Japan,Left Winger,22,Rio Ave,Liga Portugal,Portugal
Manchester City,Premier League,England,24,Colombia,Left Winger,24,Lommel SK,Challenger Pro League,Belgium
Manchester City,Premier League,England,23,Ghana,Left Winger,23,Lommel SK,Challenger Pro League,Belgium
Manchester City,Premier League,England,35,England,Goalkeeper,35,Derby,Championship,England
Manchester City,Premier League,England,18,Brazil,Defensive Midfield,18,Grêmio U20,NA,Brazil
Manchester City,Premier League,England,18,England,Centre-Back,18,Man City U21,Premier League 2,England
Manchester City,Premier League,England,20,Croatia,Central Midfield,20,Getafe,LaLiga,Spain
Manchester City,Premier League,England,23,England,Right Winger,23,Middlesbrough,Championship,England
Manchester City,Premier League,England,22,Kosovo,Goalkeeper,22,Girona,LaLiga2,Spain
Manchester City,Premier League,England,22,Australia,Right Winger,22,FC Utrecht,Eredivisie,Netherlands
Manchester City,Premier League,England,20,Croatia,Central Midfield,20,KV Kortrijk,Jupiler Pro League,Belgium
Manchester City,Premier League,England,23,England,Right Winger,23,Derby,Championship,England
Manchester City,Premier League,England,19,England,Centre-Back,19,Blackburn,Championship,England
Manchester City,Premier League,England,22,Kosovo,Goalkeeper,22,Willem II,Eredivisie,Netherlands
Manchester City,Premier League,England,22,Australia,Right Winger,22,Aarhus GF,Superliga,Denmark
Manchester City,Premier League,England,18,Brazil,Defensive Midfield,18,Lommel SK,Challenger Pro League,Belgium
Liverpool FC,Premier League,England,23,Portugal,Left Winger,23,Wolves,Premier League,England
Liverpool FC,Premier League,England,29,Spain,Central Midfield,29,Bayern Munich,Bundesliga,Germany
Liverpool FC,Premier League,England,24,Greece,Left-Back,24,Olympiacos,Super League 1,Greece
Liverpool FC,Premier League,England,19,England,Central Midfield,19,Liverpool U21,Premier League 2,England
Liverpool FC,Premier League,England,19,England,Centre-Back,19,Liverpool U21,Premier League 2,England
Liverpool FC,Premier League,England,23,Wales,Right Winger,23,Bournemouth,Championship,England
Liverpool FC,Premier League,England,24,Wales,Right Winger,24,Cardiff,Championship,Wales
Liverpool FC,Premier League,England,24,Serbia,Defensive Midfield,24,Hertha BSC,Bundesliga,Germany
Liverpool FC,Premier League,England,20,Wales,Attacking Midfield,20,Oxford United,League One,England
Liverpool FC,Premier League,England,22,England,Left Midfield,22,Reading,Championship,England
Liverpool FC,Premier League,England,22,Nigeria,Centre-Forward,22,1.FSV Mainz 05,Bundesliga,Germany
Liverpool FC,Premier League,England,23,England,Right Winger,23,Cardiff,Championship,Wales
Liverpool FC,Premier League,England,23,England,Centre-Back,23,VfB Stuttgart,Bundesliga,Germany
Liverpool FC,Premier League,England,31,Croatia,Centre-Back,31,Zenit S-Pb,Premier Liga,Russia
Liverpool FC,Premier League,England,22,England,Left Midfield,22,Reading,Championship,England
Liverpool FC,Premier League,England,23,Wales,Right Winger,23,Cardiff,Championship,Wales
Liverpool FC,Premier League,England,32,England,Attacking Midfield,32,Brighton,Premier League,England
Liverpool FC,Premier League,England,29,England,Right-Back,29,Crystal Palace,Premier League,England
Liverpool FC,Premier League,England,24,Serbia,Defensive Midfield,24,FC Porto,Liga Portugal,Portugal
Liverpool FC,Premier League,England,21,Wales,Attacking Midfield,21,Blackpool,League One,England
Liverpool FC,Premier League,England,27,Germany,Goalkeeper,27,Union Berlin,Bundesliga,Germany
Liverpool FC,Premier League,England,23,Nigeria,Centre-Forward,23,Union Berlin,Bundesliga,Germany
Liverpool FC,Premier League,England,23,England,Right Winger,23,Cardiff,Championship,Wales
Liverpool FC,Premier League,England,36,England,Goalkeeper,36,Without Club,NA,NA
Liverpool FC,Premier League,England,20,Türkiye,Centre-Back,20,FC Schalke 04,Bundesliga,Germany
Liverpool FC,Premier League,England,25,England,Centre-Back,25,Preston,Championship,England
Liverpool FC,Premier League,England,21,Wales,Attacking Midfield,21,Blackpool,League One,England
Liverpool FC,Premier League,England,26,Japan,Left Winger,26,Southampton,Premier League,England
Liverpool FC,Premier League,England,19,Netherlands,Centre-Back,19,Preston,Championship,England
Chelsea FC,Premier League,England,21,Germany,Attacking Midfield,21,B. Leverkusen,Bundesliga,Germany
Chelsea FC,Premier League,England,24,Germany,Centre-Forward,24,RB Leipzig,Bundesliga,Germany
Chelsea FC,Premier League,England,23,England,Left-Back,23,Leicester,Premier League,England
Chelsea FC,Premier League,England,27,Morocco,Right Winger,27,Ajax,Eredivisie,Netherlands
Chelsea FC,Premier League,England,28,Senegal,Goalkeeper,28,Stade Rennais,Ligue 1,France
Chelsea FC,Premier League,England,21,France,Centre-Back,21,OGC Nice,Ligue 1,France
Chelsea FC,Premier League,England,35,Brazil,Centre-Back,35,Paris SG,Ligue 1,France
Chelsea FC,Premier League,England,27,Spain,Centre-Forward,27,Atlético Madrid,LaLiga,Spain
Chelsea FC,Premier League,England,25,France,Defensive Midfield,25,Monaco,Ligue 1,Monaco
Chelsea FC,Premier League,England,25,Croatia,Central Midfield,25,Atalanta BC,Serie A,Italy
Chelsea FC,Premier League,England,27,England,Central Midfield,27,Aston Villa,Premier League,England
Chelsea FC,Premier League,England,25,England,Central Midfield,25,Fulham,Premier League,England
Chelsea FC,Premier League,England,20,Wales,Defensive Midfield,20,Sheff Utd,Premier League,England
Chelsea FC,Premier League,England,28,Italy,Right Midfield,28,AS Roma,Serie A,Italy
Chelsea FC,Premier League,England,27,Belgium,Centre-Forward,27,Crystal Palace,Premier League,England
Chelsea FC,Premier League,England,24,Brazil,Left Winger,24,Getafe,LaLiga,Spain
Chelsea FC,Premier League,England,19,Wales,Defensive Midfield,19,RB Leipzig,Bundesliga,Germany
Chelsea FC,Premier League,England,29,Nigeria,Right Midfield,29,Inter,Serie A,Italy
Chelsea FC,Premier League,England,20,England,Centre-Back,20,Swansea,Championship,Wales
Chelsea FC,Premier League,England,30,England,Central Midfield,30,Aston Villa,Premier League,England
Chelsea FC,Premier League,England,22,England,Centre-Back,22,Birmingham,Championship,England
Chelsea FC,Premier League,England,20,England,Centre-Back,20,Swansea,Championship,Wales
Chelsea FC,Premier League,England,25,Ghana,Left-Back,25,RCD Mallorca,LaLiga2,Spain
Chelsea FC,Premier League,England,25,United States,Centre-Back,25,Reading,Championship,England
Chelsea FC,Premier League,England,23,England,Centre-Back,23,Birmingham,Championship,England
Chelsea FC,Premier League,England,23,England,Left Winger,23,Luton,Championship,England
Chelsea FC,Premier League,England,24,England,Left Winger,24,Sheff Wed,Championship,England
Chelsea FC,Premier League,England,23,Belgium,Left Winger,23,Vitesse,Eredivisie,Netherlands
Chelsea FC,Premier League,England,24,Brazil,Attacking Midfield,24,Atlético-MG,Série A,Brazil
Chelsea FC,Premier League,England,27,England,Goalkeeper,27,Rotherham,Championship,England
Chelsea FC,Premier League,England,27,Spain,Centre-Forward,27,Atlético Madrid,LaLiga,Spain
Chelsea FC,Premier League,England,25,Croatia,Central Midfield,25,Atalanta BC,Serie A,Italy
Chelsea FC,Premier League,England,24,Brazil,Attacking Midfield,24,Atlético-MG,Série A,Brazil
Chelsea FC,Premier League,England,21,France,Centre-Back,21,FC Porto,Liga Portugal,Portugal
Chelsea FC,Premier League,England,26,France,Defensive Midfield,26,SSC Napoli,Serie A,Italy
Chelsea FC,Premier League,England,29,Nigeria,Right Midfield,29,Spartak Moscow,Premier Liga,Russia
Chelsea FC,Premier League,England,32,Brazil,Left Winger,32,Arsenal,Premier League,England
Chelsea FC,Premier League,England,33,Spain,Right Winger,33,AS Roma,Serie A,Italy
Chelsea FC,Premier League,England,24,England,Central Midfield,24,Fulham,Premier League,England
Chelsea FC,Premier League,England,26,England,Central Midfield,26,Aston Villa,Premier League,England
Chelsea FC,Premier League,England,26,Belgium,Centre-Forward,26,Crystal Palace,Premier League,England
Chelsea FC,Premier League,England,28,Italy,Right Midfield,28,Genoa,Serie A,Italy
Chelsea FC,Premier League,England,24,Brazil,Left Winger,24,Granada CF,LaLiga,Spain
Chelsea FC,Premier League,England,19,Wales,Defensive Midfield,19,Sheff Utd,Premier League,England
Chelsea FC,Premier League,England,27,Netherlands,Central Midfield,27,PSV Eindhoven,Eredivisie,Netherlands
Chelsea FC,Premier League,England,25,England,Central Midfield,25,Trabzonspor,Süper Lig,Türkiye
Chelsea FC,Premier League,England,23,England,Centre-Back,23,Birmingham,Championship,England
Chelsea FC,Premier League,England,20,England,Centre-Back,20,Swansea,Championship,Wales
Chelsea FC,Premier League,England,25,United States,Centre-Back,25,RSC Anderlecht,Jupiler Pro League,Belgium
Chelsea FC,Premier League,England,23,England,Left Winger,23,Sheff Wed,Championship,England
Chelsea FC,Premier League,England,23,Serbia,Attacking Midfield,23,FK Cukaricki,Super liga Srbije,Serbia
Chelsea FC,Premier League,England,26,England,Goalkeeper,26,Rotherham,Championship,England
Chelsea FC,Premier League,England,26,Brazil,Attacking Midfield,26,Rio Ave,Liga Portugal,Portugal
Chelsea FC,Premier League,England,23,England,Centre-Back,23,AC Milan,Serie A,Italy
Chelsea FC,Premier League,England,26,Brazil,Attacking Midfield,26,SC Braga,Liga Portugal,Portugal
Chelsea FC,Premier League,England,30,England,Central Midfield,30,Kasimpasa,Süper Lig,Türkiye
Chelsea FC,Premier League,England,26,Ghana,Left-Back,26,PAOK Salonika,Super League 1,Greece
Manchester United,Premier League,England,23,Netherlands,Central Midfield,23,Ajax,Eredivisie,Netherlands
Manchester United,Premier League,England,27,Brazil,Left-Back,27,FC Porto,Liga Portugal,Portugal
Manchester United,Premier League,England,18,Uruguay,Right Winger,18,Peñarol,Primera División Clausura,Uruguay
Manchester United,Premier League,England,33,Uruguay,Centre-Forward,33,Paris SG,Ligue 1,France
Manchester United,Premier League,England,23,England,Goalkeeper,23,Man Utd U21,Premier League 2,England
Manchester United,Premier League,England,19,England,Defensive Midfield,19,Man Utd U21,Premier League 2,England
Manchester United,Premier League,England,18,England,Centre-Back,18,Man Utd U21,Premier League 2,England
Manchester United,Premier League,England,28,England,Attacking Midfield,28,West Ham,Premier League,England
Manchester United,Premier League,England,31,Chile,Centre-Forward,31,Inter,Serie A,Italy
Manchester United,Premier League,England,30,England,Centre-Back,30,AS Roma,Serie A,Italy
Manchester United,Premier League,England,30,Argentina,Centre-Back,30,Estudiantes LP,Copa de la Liga,Argentina
Manchester United,Premier League,England,20,England,Defensive Midfield,20,Nottm Forest,Championship,England
Manchester United,Premier League,England,18,England,Centre-Back,18,Derby,Championship,England
Manchester United,Premier League,England,24,Portugal,Goalkeeper,24,Huddersfield,Championship,England
Manchester United,Premier League,England,30,England,Centre-Back,30,AS Roma,Serie A,Italy
Manchester United,Premier League,England,21,Portugal,Right-Back,21,AC Milan,Serie A,Italy
Manchester United,Premier League,England,31,Chile,Centre-Forward,31,Inter,Serie A,Italy
Manchester United,Premier League,England,19,England,Attacking Midfield,19,LOSC Lille,Ligue 1,France
Manchester United,Premier League,England,23,England,Left-Back,23,Oldham Athletic,League Two,England
Manchester United,Premier League,England,24,Brazil,Attacking Midfield,24,Lazio,Serie A,Italy
Manchester United,Premier League,England,20,Netherlands,Right Winger,20,Werder Bremen,Bundesliga,Germany
Manchester United,Premier League,England,19,England,Defensive Midfield,19,Watford,Championship,England
Manchester United,Premier League,England,24,Portugal,Goalkeeper,24,Huddersfield,Championship,England
Manchester United,Premier League,England,18,Cote d'Ivoire,Right Winger,18,Atalanta BC,Serie A,Italy
Manchester United,Premier League,England,21,Netherlands,Right Winger,21,Werder Bremen,Bundesliga,Germany
Manchester United,Premier League,England,19,England,Defensive Midfield,19,Watford,Championship,England
Manchester United,Premier League,England,28,England,Attacking Midfield,28,West Ham,Premier League,England
Manchester United,Premier League,England,23,Netherlands,Right-Back,23,B. Leverkusen,Bundesliga,Germany
Manchester United,Premier League,England,30,Argentina,Centre-Back,30,Boca Juniors,Liga Profesional,Argentina
Manchester United,Premier League,England,19,Uruguay,Right Winger,19,Alavés,LaLiga,Spain
Manchester United,Premier League,England,21,Netherlands,Right Winger,21,Club Brugge,Jupiler Pro League,Belgium
Manchester United,Premier League,England,19,England,Defensive Midfield,19,Nottm Forest,Championship,England
Manchester United,Premier League,England,18,England,Centre-Back,18,Derby,Championship,England
Manchester United,Premier League,England,31,Nigeria,Centre-Forward,31,SH Shenhua,Super League,China
Tottenham Hotspur,Premier League,England,24,Argentina,Attacking Midfield,24,Real Betis,LaLiga,Spain
Tottenham Hotspur,Premier League,England,23,Spain,Left-Back,23,Real Madrid,LaLiga,Spain
Tottenham Hotspur,Premier League,England,28,Ireland,Right-Back,28,Wolves,Premier League,England
Tottenham Hotspur,Premier League,England,25,Denmark,Defensive Midfield,25,Southampton,Premier League,England
Tottenham Hotspur,Premier League,England,22,Wales,Centre-Back,22,Swansea,Championship,Wales
Tottenham Hotspur,Premier League,England,25,Brazil,Centre-Forward,25,Benfica,Liga Portugal,Portugal
Tottenham Hotspur,Premier League,England,33,England,Goalkeeper,33,Burnley,Premier League,England
Tottenham Hotspur,Premier League,England,31,Wales,Right Winger,31,Real Madrid,LaLiga,Spain
Tottenham Hotspur,Premier League,England,30,England,Left-Back,30,Newcastle,Premier League,England
Tottenham Hotspur,Premier League,England,23,England,Right-Back,23,Southampton,Premier League,England
Tottenham Hotspur,Premier League,England,20,England,Defensive Midfield,20,Norwich,Championship,England
Tottenham Hotspur,Premier League,England,19,England,Left Winger,19,QPR,Championship,England
Tottenham Hotspur,Premier League,England,20,England,Left Winger,20,Stoke City,Championship,England
Tottenham Hotspur,Premier League,England,23,United States,Centre-Back,23,Bournemouth,Championship,England
Tottenham Hotspur,Premier League,England,22,United States,Centre-Back,22,Luton,Championship,England
Tottenham Hotspur,Premier League,England,23,England,Right-Back,23,Southampton,Premier League,England
Tottenham Hotspur,Premier League,England,33,Belgium,Centre-Back,33,Benfica,Liga Portugal,Portugal
Tottenham Hotspur,Premier League,England,20,England,Left Midfield,20,TSG Hoffenheim,Bundesliga,Germany
Tottenham Hotspur,Premier League,England,22,Argentina,Right-Back,22,Villarreal,LaLiga,Spain
Tottenham Hotspur,Premier League,England,19,England,Defensive Midfield,19,Norwich,Championship,England
Tottenham Hotspur,Premier League,England,22,United States,Centre-Back,22,Bournemouth,Championship,England
Tottenham Hotspur,Premier League,England,36,Netherlands,Goalkeeper,36,NA,NA,NA
Tottenham Hotspur,Premier League,England,24,Argentina,Attacking Midfield,24,Real Betis,LaLiga,Spain
Tottenham Hotspur,Premier League,England,20,England,Left Winger,20,Stoke City,Championship,England
Tottenham Hotspur,Premier League,England,29,Argentina,Goalkeeper,29,Elche CF,LaLiga,Spain
Tottenham Hotspur,Premier League,England,22,Portugal,Central Midfield,22,Benfica,Liga Portugal,Portugal
Arsenal FC,Premier League,England,27,Ghana,Defensive Midfield,27,Atlético Madrid,LaLiga,Spain
Arsenal FC,Premier League,England,22,Brazil,Centre-Back,22,LOSC Lille,Ligue 1,France
Arsenal FC,Premier League,England,26,Spain,Centre-Back,26,Flamengo,Série A,Brazil
Arsenal FC,Premier League,England,25,Iceland,Goalkeeper,25,Dijon,Ligue 1,France
Arsenal FC,Premier League,England,32,Brazil,Left Winger,32,Chelsea,Premier League,England
Arsenal FC,Premier League,England,28,Portugal,Right-Back,28,Southampton,Premier League,England
Arsenal FC,Premier League,England,20,England,Attacking Midfield,20,Arsenal U21,Premier League 2,England
Arsenal FC,Premier League,England,19,France,Centre-Back,19,Saint-Étienne,Ligue 1,France
Arsenal FC,Premier League,England,31,Armenia,Central Midfield,31,AS Roma,Serie A,Italy
Arsenal FC,Premier League,England,23,England,Right Midfield,23,West Brom,Premier League,England
Arsenal FC,Premier League,England,21,England,Central Midfield,21,Newcastle,Premier League,England
Arsenal FC,Premier League,England,28,Egypt,Defensive Midfield,28,Besiktas,Süper Lig,Türkiye
Arsenal FC,Premier League,England,25,North Macedonia,Goalkeeper,25,Jagiellonia,Ekstraklasa,Poland
Arsenal FC,Premier League,England,28,Argentina,Goalkeeper,28,Aston Villa,Premier League,England
Arsenal FC,Premier League,England,21,France,Central Midfield,21,Hertha BSC,Bundesliga,Germany
Arsenal FC,Premier League,England,22,Greece,Centre-Back,22,VfB Stuttgart,Bundesliga,Germany
Arsenal FC,Premier League,England,31,Armenia,Central Midfield,31,AS Roma,Serie A,Italy
Arsenal FC,Premier League,England,24,Uruguay,Defensive Midfield,24,Atlético Madrid,LaLiga,Spain
Arsenal FC,Premier League,England,25,North Macedonia,Goalkeeper,25,Shrewsbury,League One,England
Arsenal FC,Premier League,England,28,Portugal,Right-Back,28,Southampton,Premier League,England
Arsenal FC,Premier League,England,26,Spain,Centre-Back,26,Flamengo,Série A,Brazil
Arsenal FC,Premier League,England,22,Norway,Attacking Midfield,22,Real Madrid,LaLiga,Spain
Arsenal FC,Premier League,England,28,Australia,Goalkeeper,28,Brighton,Premier League,England
Arsenal FC,Premier League,England,25,North Macedonia,Goalkeeper,25,Shrewsbury,League One,England
Arsenal FC,Premier League,England,28,Germany,Centre-Back,28,FC Schalke 04,Bundesliga,Germany
Arsenal FC,Premier League,England,32,Germany,Attacking Midfield,32,Fenerbahce,Süper Lig,Türkiye
Arsenal FC,Premier League,England,32,Greece,Centre-Back,32,Olympiacos,Super League 1,Greece
Arsenal FC,Premier League,England,26,England,Goalkeeper,26,Hibernian FC,Premiership,Scotland
Arsenal FC,Premier League,England,23,England,Right Midfield,23,West Brom,Premier League,England
Arsenal FC,Premier League,England,19,France,Centre-Back,19,OGC Nice,Ligue 1,France
Arsenal FC,Premier League,England,21,England,Central Midfield,21,Newcastle,Premier League,England
Arsenal FC,Premier League,England,27,Bosnia-Herzegovina,Centre-Back,27,FC Schalke 04,Bundesliga,Germany
Everton FC,Premier League,England,22,England,Centre-Back,22,Norwich,Championship,England
Everton FC,Premier League,England,29,Brazil,Defensive Midfield,29,SSC Napoli,Serie A,Italy
Everton FC,Premier League,England,27,Mali,Central Midfield,27,Watford,Championship,England
Everton FC,Premier League,England,19,France,Left-Back,19,Marseille B,National 2 - Grp. C,France
Everton FC,Premier League,England,29,Colombia,Attacking Midfield,29,Real Madrid,LaLiga,Spain
Everton FC,Premier League,England,30,Sweden,Goalkeeper,30,AS Roma,Serie A,Italy
Everton FC,Premier League,England,20,Portugal,Goalkeeper,20,Everton U21,Premier League 2,England
Everton FC,Premier League,England,23,England,Right-Back,23,FC Schalke 04,Bundesliga,Germany
Everton FC,Premier League,England,32,England,Right Winger,32,Southampton,Premier League,England
Everton FC,Premier League,England,20,England,Left Winger,20,Preston,Championship,England
Everton FC,Premier League,England,31,Denmark,Goalkeeper,31,Huddersfield,Championship,England
Everton FC,Premier League,England,25,Spain,Centre-Forward,25,Real Valladolid,LaLiga,Spain
Everton FC,Premier League,England,18,England,Centre-Back,18,Blackburn,Championship,England
Everton FC,Premier League,England,22,England,Attacking Midfield,22,Wigan,League One,England
Everton FC,Premier League,England,32,DR Congo,Left Winger,32,Middlesbrough,Championship,England
Everton FC,Premier League,England,22,DR Congo,Defensive Midfield,22,Derby,Championship,England
Everton FC,Premier League,England,26,England,Centre-Back,26,Shrewsbury,League One,England
Everton FC,Premier League,England,25,England,Centre-Back,25,Hull City,League One,England
Everton FC,Premier League,England,25,Switzerland,Second Striker,25,FC Emmen,Eredivisie,Netherlands
Everton FC,Premier League,England,30,France,Defensive Midfield,30,OGC Nice,Ligue 1,France
Everton FC,Premier League,England,22,England,Attacking Midfield,22,Norwich,Championship,England
Everton FC,Premier League,England,25,Spain,Centre-Forward,25,SD Huesca,LaLiga,Spain
Everton FC,Premier League,England,27,England,Left-Back,27,Blackpool,League One,England
Everton FC,Premier League,England,37,Netherlands,Goalkeeper,37,Ajax,Eredivisie,Netherlands
Everton FC,Premier League,England,20,Italy,Centre-Forward,20,Paris SG,Ligue 1,France
Everton FC,Premier League,England,31,England,Right Winger,31,Southampton,Premier League,England
Everton FC,Premier League,England,30,Senegal,Centre-Forward,30,Without Club,NA,NA
Everton FC,Premier League,England,30,Curacao,Centre-Back,30,Without Club,NA,NA
Everton FC,Premier League,England,25,Switzerland,Second Striker,25,Without Club,NA,NA
Everton FC,Premier League,England,35,England,Left-Back,35,NA,NA,NA
Everton FC,Premier League,England,28,France,Right-Back,28,Monaco,Ligue 1,Monaco
Everton FC,Premier League,England,29,Norway,Left Winger,29,Bournemouth,Championship,England
Everton FC,Premier League,England,32,Denmark,Goalkeeper,32,FC Midtjylland,Superliga,Denmark
Everton FC,Premier League,England,29,Türkiye,Centre-Forward,29,Besiktas,Süper Lig,Türkiye
Everton FC,Premier League,England,23,England,Right-Back,23,Celtic,Premiership,Scotland
Everton FC,Premier League,England,19,England,Left Winger,19,Preston,Championship,England
Everton FC,Premier League,England,31,DR Congo,Left Winger,31,Middlesbrough,Championship,England
Everton FC,Premier League,England,18,England,Centre-Back,18,Blackburn,Championship,England
Everton FC,Premier League,England,22,DR Congo,Defensive Midfield,22,Derby,Championship,England
Everton FC,Premier League,England,26,England,Centre-Back,26,Shrewsbury,League One,England
Leicester City,Championship,England,19,France,Centre-Back,19,Saint-Étienne,Ligue 1,France
Leicester City,Championship,England,24,Belgium,Right-Back,24,Atalanta BC,Serie A,Italy
Leicester City,Championship,England,23,Türkiye,Right Winger,23,AS Roma,Serie A,Italy
Leicester City,Championship,England,22,Denmark,Goalkeeper,22,Leicester U21,Premier League 2,England
Leicester City,Championship,England,19,England,Left-Back,19,Leicester U21,Premier League 2,England
Leicester City,Championship,England,31,Portugal,Central Midfield,31,Monaco,Ligue 1,Monaco
Leicester City,Championship,England,23,Croatia,Centre-Back,23,Bristol City,Championship,England
Leicester City,Championship,England,32,Algeria,Centre-Forward,32,Monaco,Ligue 1,Monaco
Leicester City,Championship,England,28,Algeria,Right Winger,28,Fiorentina,Serie A,Italy
Leicester City,Championship,England,24,Mali,Right Winger,24,Amiens SC,Ligue 2,France
Leicester City,Championship,England,31,Wales,Central Midfield,31,Huddersfield,Championship,England
Leicester City,Championship,England,29,England,Central Midfield,29,Coventry,Championship,England
Leicester City,Championship,England,23,Denmark,Goalkeeper,23,Preston,Championship,England
Leicester City,Championship,England,22,England,Centre-Forward,22,Rotherham,Championship,England
Leicester City,Championship,England,23,Wales,Attacking Midfield,23,ADO Den Haag,Eredivisie,Netherlands
Leicester City,Championship,England,23,England,Left-Back,23,Chelsea,Premier League,England
Leicester City,Championship,England,24,Mali,Right Winger,24,Trabzonspor,Süper Lig,Türkiye
Leicester City,Championship,England,31,Portugal,Central Midfield,31,Sampdoria,Serie A,Italy
Leicester City,Championship,England,23,Poland,Attacking Midfield,23,Legia Warszawa,Ekstraklasa,Poland
Leicester City,Championship,England,23,Wales,Attacking Midfield,23,QPR,Championship,England
Leicester City,Championship,England,23,Croatia,Centre-Back,23,Cardiff,Championship,Wales
Leicester City,Championship,England,28,Algeria,Right Winger,28,Besiktas,Süper Lig,Türkiye
Leicester City,Championship,England,29,England,Central Midfield,29,Barnsley FC,Championship,England
Leicester City,Championship,England,21,England,Centre-Forward,21,Rotherham,Championship,England
Leicester City,Championship,England,23,Denmark,Goalkeeper,23,OH Leuven,Jupiler Pro League,Belgium
Leicester City,Championship,England,23,England,Centre-Back,23,Burton Albion,League One,England
Leicester City,Championship,England,31,Wales,Central Midfield,31,Without Club,NA,NA
Leicester City,Championship,England,30,England,Centre-Back,30,Wolves,Premier League,England
Leicester City,Championship,England,23,Croatia,Centre-Back,23,Cardiff,Championship,Wales
Leicester City,Championship,England,29,England,Central Midfield,29,Barnsley FC,Championship,England
Leicester City,Championship,England,23,Denmark,Goalkeeper,23,OH Leuven,Jupiler Pro League,Belgium
Leicester City,Championship,England,23,England,Centre-Back,23,Burton Albion,League One,England
Leicester City,Championship,England,24,Jamaica,Left Winger,24,B. Leverkusen,Bundesliga,Germany
Leicester City,Championship,England,32,Algeria,Centre-Forward,32,Olympique Lyon,Ligue 1,France
Leicester City,Championship,England,23,Croatia,Centre-Back,23,OH Leuven,Jupiler Pro League,Belgium
Leicester City,Championship,England,29,England,Central Midfield,29,Coventry,Championship,England
Leicester City,Championship,England,23,Denmark,Goalkeeper,23,Preston,Championship,England
Wolverhampton Wanderers,Premier League,England,18,Portugal,Centre-Forward,18,FC Porto,Liga Portugal,Portugal
Wolverhampton Wanderers,Premier League,England,26,Portugal,Right-Back,26,Barcelona,LaLiga,Spain
Wolverhampton Wanderers,Premier League,England,18,Netherlands,Right-Back,18,Liverpool U21,Premier League 2,England
Wolverhampton Wanderers,Premier League,England,31,Brazil,Left-Back,31,Olympique Lyon,Ligue 1,France
Wolverhampton Wanderers,Premier League,England,21,Portugal,Centre-Back,21,Estoril Praia,Liga Sabseg,Portugal
Wolverhampton Wanderers,Premier League,England,23,Montenegro,Goalkeeper,23,Aston Villa U21,Premier League 2,England
Wolverhampton Wanderers,Premier League,England,19,Algeria,Left-Back,19,Angers SCO,Ligue 1,France
Wolverhampton Wanderers,Premier League,England,20,Portugal,Central Midfield,20,FC Porto,Liga Portugal,Portugal
Wolverhampton Wanderers,Premier League,England,26,Angola,Right Winger,26,Leeds,Premier League,England
Wolverhampton Wanderers,Premier League,England,30,England,Centre-Back,30,Leicester,Premier League,England
Wolverhampton Wanderers,Premier League,England,26,Brazil,Centre-Forward,26,Vit. Guimarães,Liga Portugal,Portugal
Wolverhampton Wanderers,Premier League,England,21,England,Left-Back,21,Rotherham,Championship,England
Wolverhampton Wanderers,Premier League,England,29,Portugal,Centre-Back,29,Famalicão,Liga Portugal,Portugal
Wolverhampton Wanderers,Premier League,England,21,Azerbaijan,Centre-Forward,21,Grasshoppers,Challenge League,Switzerland
Wolverhampton Wanderers,Premier League,England,23,Montenegro,Goalkeeper,23,Shrewsbury,League One,England
Wolverhampton Wanderers,Premier League,England,23,Portugal,Left Winger,23,Liverpool,Premier League,England
Wolverhampton Wanderers,Premier League,England,26,Angola,Right Winger,26,Leeds,Premier League,England
Wolverhampton Wanderers,Premier League,England,28,Ireland,Right-Back,28,Tottenham,Premier League,England
Wolverhampton Wanderers,Premier League,England,25,England,Right Winger,25,Gillingham FC,League One,England
Wolverhampton Wanderers,Premier League,England,25,Switzerland,Defensive Midfield,25,Grasshoppers,Challenge League,Switzerland
Wolverhampton Wanderers,Premier League,England,30,England,Centre-Back,30,Swansea,Championship,Wales
Wolverhampton Wanderers,Premier League,England,27,England,Goalkeeper,27,Burnley,Premier League,England
Wolverhampton Wanderers,Premier League,England,21,Portugal,Left-Back,21,Olympiacos,Super League 1,Greece
Wolverhampton Wanderers,Premier League,England,20,England,Attacking Midfield,20,Swansea,Championship,Wales
Wolverhampton Wanderers,Premier League,England,22,Portugal,Left-Back,22,Sporting CP,Liga Portugal,Portugal
Wolverhampton Wanderers,Premier League,England,26,Brazil,Centre-Forward,26,Grasshoppers,Challenge League,Switzerland
Wolverhampton Wanderers,Premier League,England,21,Portugal,Central Midfield,21,Famalicão,Liga Portugal,Portugal
Wolverhampton Wanderers,Premier League,England,20,Ecuador,Centre-Forward,20,Famalicão,Liga Portugal,Portugal
Wolverhampton Wanderers,Premier League,England,22,Ireland,Central Midfield,22,Grasshoppers,Challenge League,Switzerland
Wolverhampton Wanderers,Premier League,England,21,Azerbaijan,Centre-Forward,21,Grasshoppers,Challenge League,Switzerland
Wolverhampton Wanderers,Premier League,England,23,Montenegro,Goalkeeper,23,Shrewsbury,League One,England
Wolverhampton Wanderers,Premier League,England,21,Portugal,Centre-Back,21,Grasshoppers,Challenge League,Switzerland
Wolverhampton Wanderers,Premier League,England,20,England,Left-Back,20,Coventry,Championship,England
Wolverhampton Wanderers,Premier League,England,28,Ghana,Right-Back,28,Without Club,NA,NA
Wolverhampton Wanderers,Premier League,England,29,Brazil,Centre-Forward,29,Real Sociedad,LaLiga,Spain
Wolverhampton Wanderers,Premier League,England,19,United States,Defensive Midfield,19,Wolves U21,Premier League 2,England
Wolverhampton Wanderers,Premier League,England,23,Italy,Centre-Forward,23,Fiorentina,Serie A,Italy
Wolverhampton Wanderers,Premier League,England,21,Portugal,Left-Back,21,Olympiacos,Super League 1,Greece
Wolverhampton Wanderers,Premier League,England,20,England,Attacking Midfield,20,Swansea,Championship,Wales
Wolverhampton Wanderers,Premier League,England,20,England,Left-Back,20,Coventry,Championship,England
Wolverhampton Wanderers,Premier League,England,29,Portugal,Centre-Back,29,Gaziantep FK,Süper Lig,Türkiye
Wolverhampton Wanderers,Premier League,England,23,Italy,Centre-Forward,23,Valencia,LaLiga,Spain
Wolverhampton Wanderers,Premier League,England,21,Portugal,Left-Back,21,Famalicão,Liga Portugal,Portugal
Wolverhampton Wanderers,Premier League,England,21,England,Left-Back,21,Rotherham,Championship,England
Wolverhampton Wanderers,Premier League,England,22,Denmark,Right-Back,22,Grasshoppers,Challenge League,Switzerland
Aston Villa,Premier League,England,24,England,Centre-Forward,24,Brentford,Championship,England
Aston Villa,Premier League,England,25,Burkina Faso,Right Winger,25,Olympique Lyon,Ligue 1,France
Aston Villa,Premier League,England,28,Argentina,Goalkeeper,28,Arsenal,Premier League,England
Aston Villa,Premier League,England,23,Poland,Right-Back,23,Nottm Forest,Championship,England
Aston Villa,Premier League,England,26,England,Central Midfield,26,Chelsea,Premier League,England
Aston Villa,Premier League,England,19,England,Attacking Midfield,19,Aston Villa U21,Premier League 2,England
Aston Villa,Premier League,England,30,Ireland,Central Midfield,30,Swansea,Championship,Wales
Aston Villa,Premier League,England,28,Ireland,Centre-Forward,28,Birmingham,Championship,England
Aston Villa,Premier League,England,30,Croatia,Goalkeeper,30,Toulouse,Ligue 2,France
Aston Villa,Premier League,England,22,England,Left Winger,22,Charlton,League One,England
Aston Villa,Premier League,England,22,England,Right-Back,22,Luton,Championship,England
Aston Villa,Premier League,England,28,Ireland,Centre-Forward,28,Birmingham,Championship,England
Aston Villa,Premier League,England,29,Spain,Right Winger,29,Alavés,LaLiga,Spain
Aston Villa,Premier League,England,28,Spain,Centre-Forward,28,CD Leganés,LaLiga2,Spain
Aston Villa,Premier League,England,31,Wales,Centre-Back,31,Stoke City,Championship,England
Aston Villa,Premier League,England,22,England,Right-Back,22,Luton,Championship,England
Aston Villa,Premier League,England,27,Tanzania,Centre-Forward,27,Fenerbahce,Süper Lig,Türkiye
Aston Villa,Premier League,England,22,England,Left Winger,22,Without Club,NA,NA
Aston Villa,Premier League,England,30,Norway,Goalkeeper,30,Without Club,NA,NA
Aston Villa,Premier League,England,27,England,Central Midfield,27,Chelsea,Premier League,England
Aston Villa,Premier League,England,30,England,Central Midfield,30,Chelsea,Premier League,England
Aston Villa,Premier League,England,37,Spain,Goalkeeper,37,AC Milan,Serie A,Italy
Aston Villa,Premier League,England,26,France,Central Midfield,26,Marseille,Ligue 1,France
Aston Villa,Premier League,England,30,England,Central Midfield,30,Bristol City,Championship,England
Aston Villa,Premier League,England,29,Ireland,Central Midfield,29,Swansea,Championship,Wales
Aston Villa,Premier League,England,26,France,Right-Back,26,R. Strasbourg,Ligue 1,France
Aston Villa,Premier League,England,30,Croatia,Goalkeeper,30,Hajduk Split,SuperSport HNL,Croatia
West Ham United,Premier League,England,25,Czech Republic,Defensive Midfield,25,Slavia Prague,Fortuna Liga,Czech Republic
West Ham United,Premier League,England,28,Czech Republic,Right-Back,28,Slavia Prague,Fortuna Liga,Czech Republic
West Ham United,Premier League,England,25,Algeria,Left Winger,25,Brentford,Championship,England
West Ham United,Premier League,England,30,England,Centre-Back,30,Watford,Championship,England
West Ham United,Premier League,England,20,England,Right-Back,20,West Ham U21,Premier League 2,England
West Ham United,Premier League,England,28,England,Centre-Forward,28,QPR,Championship,England
West Ham United,Premier League,England,22,DR Congo,Right Winger,22,West Brom,Premier League,England
West Ham United,Premier League,England,32,New Zealand,Centre-Back,32,Brentford,Championship,England
West Ham United,Premier League,England,24,Ireland,Central Midfield,24,Charlton,League One,England
West Ham United,Premier League,England,21,Montenegro,Left Winger,21,Norrköping,Allsvenskan,Sweden
West Ham United,Premier League,England,34,Spain,Goalkeeper,34,Alavés,LaLiga,Spain
West Ham United,Premier League,England,22,DR Congo,Right Winger,22,West Brom,Premier League,England
West Ham United,Premier League,England,23,Switzerland,Centre-Forward,23,Celtic,Premiership,Scotland
West Ham United,Premier League,England,28,England,Centre-Forward,28,Norwich,Championship,England
West Ham United,Premier League,England,24,Ireland,Central Midfield,24,RSC Anderlecht,Jupiler Pro League,Belgium
West Ham United,Premier League,England,34,Spain,Goalkeeper,34,Real Valladolid,LaLiga,Spain
West Ham United,Premier League,England,27,Brazil,Right Winger,27,FC Porto,Liga Portugal,Portugal
West Ham United,Premier League,England,23,Portugal,Left Winger,23,Aris Saloniki,Super League 1,Greece
West Ham United,Premier League,England,28,England,Central Midfield,28,Without Club,NA,NA
West Ham United,Premier League,England,34,Colombia,Defensive Midfield,34,Without Club,NA,NA
West Ham United,Premier League,England,35,Argentina,Right-Back,35,NA,NA,NA
West Ham United,Premier League,England,28,England,Attacking Midfield,28,Man Utd,Premier League,England
West Ham United,Premier League,England,25,Czech Republic,Defensive Midfield,25,Slavia Prague,Fortuna Liga,Czech Republic
West Ham United,Premier League,England,31,England,Centre-Back,31,Watford,Championship,England
West Ham United,Premier League,England,25,Algeria,Left Winger,25,Brentford,Championship,England
West Ham United,Premier League,England,28,England,Attacking Midfield,28,Man Utd,Premier League,England
West Ham United,Premier League,England,21,Denmark,Centre-Back,21,Silkeborg IF,1.Division,Denmark
West Ham United,Premier League,England,20,Ireland,Defensive Midfield,20,West Ham U21,Premier League 2,England
West Ham United,Premier League,England,32,New Zealand,Centre-Back,32,Kansas City,MLS,United States
West Ham United,Premier League,England,26,Cote d'Ivoire,Centre-Forward,26,Ajax,Eredivisie,Netherlands
West Ham United,Premier League,England,33,Scotland,Right Winger,33,West Brom,Premier League,England
West Ham United,Premier League,England,32,New Zealand,Centre-Back,32,Brentford,Championship,England
West Ham United,Premier League,England,25,Algeria,Left Winger,25,Brentford,Championship,England
Brighton & Hove Albion,Premier League,England,21,Poland,Central Midfield,21,Lech Poznan,Ekstraklasa,Poland
Brighton & Hove Albion,Premier League,England,21,Switzerland,Centre-Forward,21,Lausanne-Sport,Super League,Switzerland
Brighton & Hove Albion,Premier League,England,19,Poland,Left-Back,19,Legia Warszawa,Ekstraklasa,Poland
Brighton & Hove Albion,Premier League,England,20,Netherlands,Centre-Back,20,NAC Breda,Keuken Kampioen Divisie,Netherlands
Brighton & Hove Albion,Premier League,England,28,Netherlands,Right-Back,28,Ajax,Eredivisie,Netherlands
Brighton & Hove Albion,Premier League,England,32,England,Attacking Midfield,32,Liverpool,Premier League,England
Brighton & Hove Albion,Premier League,England,29,England,Centre-Forward,29,Watford,Championship,England
Brighton & Hove Albion,Premier League,England,22,Spain,Goalkeeper,22,Brighton U21,Premier League 2,England
Brighton & Hove Albion,Premier League,England,29,Ireland,Centre-Back,29,Celtic,Premiership,Scotland
Brighton & Hove Albion,Premier League,England,28,France,Right Winger,28,Fulham,Premier League,England
Brighton & Hove Albion,Premier League,England,22,England,Right-Back,22,Leeds,Premier League,England
Brighton & Hove Albion,Premier League,England,26,South Africa,Right Winger,26,Club Brugge,Jupiler Pro League,Belgium
Brighton & Hove Albion,Premier League,England,21,Romania,Defensive Midfield,21,ADO Den Haag,Eredivisie,Netherlands
Brighton & Hove Albion,Premier League,England,24,England,Centre-Back,24,Derby,Championship,England
Brighton & Hove Albion,Premier League,England,27,Romania,Centre-Forward,27,Galatasaray,Süper Lig,Türkiye
Brighton & Hove Albion,Premier League,England,21,Norway,Centre-Back,21,Coventry,Championship,England
Brighton & Hove Albion,Premier League,England,23,England,Centre-Back,23,Derby,Championship,England
Brighton & Hove Albion,Premier League,England,21,Slovenia,Centre-Forward,21,Wigan,League One,England
Brighton & Hove Albion,Premier League,England,20,Norway,Centre-Back,20,FC St. Pauli,2. Bundesliga,Germany
Brighton & Hove Albion,Premier League,England,24,England,Goalkeeper,24,Blackburn,Championship,England
Brighton & Hove Albion,Premier League,England,22,Sweden,Centre-Forward,22,Coventry,Championship,England
Brighton & Hove Albion,Premier League,England,22,Sweden,Centre-Forward,22,FC St. Pauli,2. Bundesliga,Germany
Brighton & Hove Albion,Premier League,England,28,France,Right Winger,28,Fulham,Premier League,England
Brighton & Hove Albion,Premier League,England,29,Australia,Central Midfield,29,SH Port,Super League,China
Brighton & Hove Albion,Premier League,England,28,Ireland,Centre-Back,28,Celtic,Premiership,Scotland
Brighton & Hove Albion,Premier League,England,31,England,Central Midfield,31,Burnley,Premier League,England
Brighton & Hove Albion,Premier League,England,31,England,Goalkeeper,31,West Brom,Premier League,England
Brighton & Hove Albion,Premier League,England,29,Spain,Right-Back,29,Real Betis,LaLiga,Spain
Brighton & Hove Albion,Premier League,England,19,Poland,Left-Back,19,Legia Warszawa,Ekstraklasa,Poland
Brighton & Hove Albion,Premier League,England,26,South Africa,Right Winger,26,RSC Anderlecht,Jupiler Pro League,Belgium
Brighton & Hove Albion,Premier League,England,21,Romania,Defensive Midfield,21,Dynamo Kyiv,Premier Liga,Ukraine
Brighton & Hove Albion,Premier League,England,21,Poland,Central Midfield,21,Lech Poznan,Ekstraklasa,Poland
Brighton & Hove Albion,Premier League,England,20,Norway,Centre-Back,20,Coventry,Championship,England
Brighton & Hove Albion,Premier League,England,23,England,Centre-Back,23,Derby,Championship,England
Brighton & Hove Albion,Premier League,England,21,Slovenia,Centre-Forward,21,NK Maribor,Prva Liga,Slovenia
Brighton & Hove Albion,Premier League,England,20,Netherlands,Centre-Back,20,Heerenveen,Eredivisie,Netherlands
Brighton & Hove Albion,Premier League,England,36,England,Centre-Forward,36,Watford,Championship,England
Brighton & Hove Albion,Premier League,England,22,Sweden,Centre-Forward,22,Swansea,Championship,Wales
Brighton & Hove Albion,Premier League,England,32,Israel,Central Midfield,32,Without Club,NA,NA
Brighton & Hove Albion,Premier League,England,31,Italy,Right Midfield,31,Without Club,NA,NA
Brighton & Hove Albion,Premier League,England,19,Ecuador,Defensive Midfield,19,Independiente,Serie A Segunda Etapa,Ecuador
Brighton & Hove Albion,Premier League,England,19,Poland,Left-Back,19,Legia Warszawa,Ekstraklasa,Poland
Brighton & Hove Albion,Premier League,England,26,South Africa,Right Winger,26,RSC Anderlecht,Jupiler Pro League,Belgium
Brighton & Hove Albion,Premier League,England,21,Poland,Central Midfield,21,Lech Poznan,Ekstraklasa,Poland
Brighton & Hove Albion,Premier League,England,37,England,Centre-Forward,37,Watford,Championship,England
Brighton & Hove Albion,Premier League,England,22,Sweden,Centre-Forward,22,Swansea,Championship,Wales
Brighton & Hove Albion,Premier League,England,37,England,Centre-Forward,37,Nottm Forest,Championship,England
Brighton & Hove Albion,Premier League,England,28,Australia,Goalkeeper,28,Arsenal,Premier League,England
Brighton & Hove Albion,Premier League,England,25,Brazil,Centre-Back,25,RB Salzburg,Bundesliga,Austria
Brighton & Hove Albion,Premier League,England,22,Sweden,Centre-Forward,22,Coventry,Championship,England
Southampton FC,Championship,England,23,England,Right-Back,23,Tottenham,Premier League,England
Southampton FC,Championship,England,21,France,Defensive Midfield,21,Stade Brestois,Ligue 1,France
Southampton FC,Championship,England,21,Ghana,Centre-Back,21,Real Valladolid,LaLiga,Spain
Southampton FC,Championship,England,31,England,Right Winger,31,Everton,Premier League,England
Southampton FC,Championship,England,22,England,Goalkeeper,22,Southampton U21,Premier League 2,England
Southampton FC,Championship,England,21,England,Centre-Forward,21,Southampton U21,Premier League 2,England
Southampton FC,Championship,England,20,Nigeria,Right Winger,20,Southampton U21,Premier League 2,England
Southampton FC,Championship,England,26,Norway,Left Winger,26,Celtic,Premiership,Scotland
Southampton FC,Championship,England,26,Gabon,Defensive Midfield,26,Galatasaray,Süper Lig,Türkiye
Southampton FC,Championship,England,27,Gabon,Defensive Midfield,27,Fulham,Premier League,England
Southampton FC,Championship,England,28,Portugal,Right-Back,28,Arsenal,Premier League,England
Southampton FC,Championship,England,26,Netherlands,Centre-Back,26,Royal Antwerp,Jupiler Pro League,Belgium
Southampton FC,Championship,England,29,Argentina,Centre-Forward,29,CD Leganés,LaLiga2,Spain
Southampton FC,Championship,England,22,Tunisia,Right-Back,22,Birmingham,Championship,England
Southampton FC,Championship,England,32,Japan,Centre-Back,32,Sampdoria,Serie A,Italy
Southampton FC,Championship,England,25,Scotland,Goalkeeper,25,Stoke City,Championship,England
Southampton FC,Championship,England,25,England,Central Midfield,25,Fulham,Premier League,England
Southampton FC,Championship,England,24,England,Right Winger,24,Doncaster,League One,England
Southampton FC,Championship,England,23,England,Right Winger,23,New York,MLS,United States
Southampton FC,Championship,England,34,Ireland,Centre-Forward,34,Bournemouth,Championship,England
Southampton FC,Championship,England,25,England,Attacking Midfield,25,Crawley Town,League Two,England
Southampton FC,Championship,England,25,Denmark,Defensive Midfield,25,Tottenham,Premier League,England
Southampton FC,Championship,England,25,England,Central Midfield,25,Fulham,Premier League,England
Southampton FC,Championship,England,26,Gabon,Defensive Midfield,26,Fulham,Premier League,England
Southampton FC,Championship,England,26,Netherlands,Centre-Back,26,Lazio,Serie A,Italy
Southampton FC,Championship,England,28,Portugal,Right-Back,28,Arsenal,Premier League,England
Southampton FC,Championship,England,27,Morocco,Left Winger,27,Angers SCO,Ligue 1,France
Southampton FC,Championship,England,29,Argentina,Centre-Forward,29,Elche CF,LaLiga,Spain
Southampton FC,Championship,England,32,Japan,Centre-Back,32,Sampdoria,Serie A,Italy
Southampton FC,Championship,England,25,England,Goalkeeper,25,Walsall,League Two,England
Southampton FC,Championship,England,24,Scotland,Goalkeeper,24,Stoke City,Championship,England
Southampton FC,Championship,England,23,England,Right Winger,23,Doncaster,League One,England
Southampton FC,Championship,England,24,England,Attacking Midfield,24,Crawley Town,League Two,England
Southampton FC,Championship,England,23,England,Right-Back,23,Tottenham,Premier League,England
Southampton FC,Championship,England,21,Austria,Centre-Back,21,FC Augsburg,Bundesliga,Germany
Southampton FC,Championship,England,32,England,Right Winger,32,Everton,Premier League,England
Southampton FC,Championship,England,26,Japan,Left Winger,26,Liverpool,Premier League,England
Southampton FC,Championship,England,23,England,Right Winger,23,Doncaster,League One,England
Southampton FC,Championship,England,21,Tunisia,Right-Back,21,Birmingham,Championship,England
Southampton FC,Championship,England,34,Ireland,Centre-Forward,34,Bournemouth,Championship,England
Southampton FC,Championship,England,23,England,Right Winger,23,Doncaster,League One,England
Newcastle United,Premier League,England,28,England,Centre-Forward,28,Bournemouth,Championship,England
Newcastle United,Premier League,England,22,Northern Ireland,Left-Back,22,Norwich,Championship,England
Newcastle United,Premier League,England,26,Scotland,Left Winger,26,Bournemouth,Championship,England
Newcastle United,Premier League,England,28,Ireland,Central Midfield,28,Burnley,Premier League,England
Newcastle United,Premier League,England,28,England,Goalkeeper,28,Motherwell FC,Premiership,Scotland
Newcastle United,Premier League,England,24,England,Goalkeeper,24,Swansea,Championship,Wales
Newcastle United,Premier League,England,25,England,Right Winger,25,Sheff Wed,Championship,England
Newcastle United,Premier League,England,23,England,Goalkeeper,23,Swansea,Championship,Wales
Newcastle United,Premier League,England,28,Morocco,Left Midfield,28,Cosenza,Serie B,Italy
Newcastle United,Premier League,England,23,England,Central Midfield,23,Rotherham,Championship,England
Newcastle United,Premier League,England,30,England,Defensive Midfield,30,Nottm Forest,Championship,England
Newcastle United,Premier League,England,28,Japan,Centre-Forward,28,SD Eibar,LaLiga,Spain
Newcastle United,Premier League,England,29,France,Centre-Back,29,Alavés,LaLiga,Spain
Newcastle United,Premier League,England,23,England,Goalkeeper,23,Swansea,Championship,Wales
Newcastle United,Premier League,England,34,Ireland,Goalkeeper,34,Without Club,NA,NA
Newcastle United,Premier League,England,24,England,Right-Back,24,Without Club,NA,NA
Newcastle United,Premier League,England,30,England,Left-Back,30,Tottenham,Premier League,England
Newcastle United,Premier League,England,21,England,Central Midfield,21,Arsenal,Premier League,England
Newcastle United,Premier League,England,24,Austria,Left Midfield,24,Inter,Serie A,Italy
Newcastle United,Premier League,England,26,Netherlands,Left-Back,26,E. Frankfurt,Bundesliga,Germany
Newcastle United,Premier League,England,25,Algeria,Defensive Midfield,25,FC Schalke 04,Bundesliga,Germany
Newcastle United,Premier League,England,21,England,Central Midfield,21,Arsenal,Premier League,England
Newcastle United,Premier League,England,27,United States,Right-Back,27,Galatasaray,Süper Lig,Türkiye
Newcastle United,Premier League,England,25,Jamaica,Left Winger,25,Huddersfield,Championship,England
Newcastle United,Premier League,England,29,Morocco,Left Midfield,29,Watford,Championship,England
Fulham FC,Premier League,England,28,France,Right Winger,28,Brighton,Premier League,England
Fulham FC,Premier League,England,25,England,Central Midfield,25,Southampton,Premier League,England
Fulham FC,Premier League,England,26,Netherlands,Centre-Back,26,Huddersfield,Championship,England
Fulham FC,Premier League,England,24,Netherlands,Right-Back,24,Olympique Lyon,Ligue 1,France
Fulham FC,Premier League,England,23,Nigeria,Right-Back,23,Torino,Serie A,Italy
Fulham FC,Premier League,England,26,Gabon,Defensive Midfield,26,Southampton,Premier League,England
Fulham FC,Premier League,England,23,United States,Left-Back,23,Wigan,League One,England
Fulham FC,Premier League,England,22,Nigeria,Second Striker,22,RB Leipzig,Bundesliga,Germany
Fulham FC,Premier League,England,23,England,Centre-Back,23,Man City U21,Premier League 2,England
Fulham FC,Premier League,England,24,Denmark,Centre-Back,24,Olympique Lyon,Ligue 1,France
Fulham FC,Premier League,England,24,England,Central Midfield,24,Chelsea,Premier League,England
Fulham FC,Premier League,England,27,France,Goalkeeper,27,Paris SG,Ligue 1,France
Fulham FC,Premier League,England,24,Cameroon,Central Midfield,24,Villarreal,LaLiga,Spain
Fulham FC,Premier League,England,29,Cote d'Ivoire,Defensive Midfield,29,Galatasaray,Süper Lig,Türkiye
Fulham FC,Premier League,England,29,France,Right Winger,29,Nottm Forest,Championship,England
Fulham FC,Premier League,England,29,England,Goalkeeper,29,Middlesbrough,Championship,England
Fulham FC,Premier League,England,30,Norway,Central Midfield,30,QPR,Championship,England
Fulham FC,Premier League,England,21,England,Right-Back,21,Bristol City,Championship,England
Fulham FC,Premier League,England,28,Ireland,Right-Back,28,Nottm Forest,Championship,England
Fulham FC,Premier League,England,32,Spain,Goalkeeper,32,RCD Mallorca,LaLiga2,Spain
Fulham FC,Premier League,England,29,DR Congo,Left Winger,29,Middlesbrough,Championship,England
Fulham FC,Premier League,England,22,United States,Central Midfield,22,Heracles Almelo,Eredivisie,Netherlands
Fulham FC,Premier League,England,27,Scotland,Goalkeeper,27,Motherwell FC,Premiership,Scotland
Fulham FC,Premier League,England,26,England,Centre-Back,26,Bristol City,Championship,England
Fulham FC,Premier League,England,28,France,Right Winger,28,Nottm Forest,Championship,England
Fulham FC,Premier League,England,20,England,Right-Back,20,Bristol City,Championship,England
Fulham FC,Premier League,England,28,England,Goalkeeper,28,Middlesbrough,Championship,England
Fulham FC,Premier League,England,27,Ireland,Right-Back,27,Nottm Forest,Championship,England
Fulham FC,Premier League,England,19,Denmark,Central Midfield,19,Without Club,NA,NA
Fulham FC,Premier League,England,25,England,Central Midfield,25,Chelsea,Premier League,England
Fulham FC,Premier League,England,27,Gabon,Defensive Midfield,27,Southampton,Premier League,England
Fulham FC,Premier League,England,26,Netherlands,Centre-Back,26,Huddersfield,Championship,England
Fulham FC,Premier League,England,28,France,Right Winger,28,Brighton,Premier League,England
Fulham FC,Premier League,England,30,Ireland,Central Midfield,30,Bournemouth,Championship,England
Fulham FC,Premier League,England,25,England,Central Midfield,25,Southampton,Premier League,England
Fulham FC,Premier League,England,22,Nigeria,Centre-Forward,22,G. Bordeaux,Ligue 1,France
Fulham FC,Premier League,England,27,England,Centre-Back,27,Bristol City,Championship,England
Fulham FC,Premier League,England,29,Cote d'Ivoire,Defensive Midfield,29,G. Bordeaux,Ligue 1,France
Fulham FC,Premier League,England,30,Norway,Central Midfield,30,QPR,Championship,England
Fulham FC,Premier League,England,25,Mauritania,Centre-Forward,25,Dijon,Ligue 1,France
Fulham FC,Premier League,England,31,France,Centre-Back,31,Royal Antwerp,Jupiler Pro League,Belgium
Fulham FC,Premier League,England,28,DR Congo,Left Winger,28,Middlesbrough,Championship,England
Leeds United,Championship,England,29,Spain,Centre-Forward,29,Valencia,LaLiga,Spain
Leeds United,Championship,England,23,France,Centre-Forward,23,RB Leipzig,Bundesliga,Germany
Leeds United,Championship,England,27,Spain,Centre-Back,27,Real Sociedad,LaLiga,Spain
Leeds United,Championship,England,23,Brazil,Right Winger,23,Stade Rennais,Ligue 1,France
Leeds United,Championship,England,26,Angola,Right Winger,26,Wolves,Premier League,England
Leeds United,Championship,England,24,Germany,Centre-Back,24,SC Freiburg,Bundesliga,Germany
Leeds United,Championship,England,20,France,Goalkeeper,20,FC Lorient,Ligue 1,France
Leeds United,Championship,England,18,England,Centre-Forward,18,Wigan,League One,England
Leeds United,Championship,England,31,Scotland,Left-Back,31,Blackburn,Championship,England
Leeds United,Championship,England,22,Netherlands,Centre-Forward,22,Vitesse,Eredivisie,Netherlands
Leeds United,Championship,England,27,Belgium,Left-Back,27,ADO Den Haag,Eredivisie,Netherlands
Leeds United,Championship,England,21,England,Central Midfield,21,Salford,League Two,England
Leeds United,Championship,England,30,Ireland,Central Midfield,30,Luton,Championship,England
Leeds United,Championship,England,21,England,Attacking Midfield,21,Bradford,League Two,England
Leeds United,Championship,England,23,France,Centre-Forward,23,FC Nantes,Ligue 1,France
Leeds United,Championship,England,31,Scotland,Left-Back,31,Blackburn,Championship,England
Leeds United,Championship,England,27,Belgium,Left-Back,27,Zulte Waregem,Jupiler Pro League,Belgium
Leeds United,Championship,England,20,England,Central Midfield,20,Lincoln City,League One,England
Leeds United,Championship,England,20,England,Attacking Midfield,20,Swindon Town,League One,England
Leeds United,Championship,England,19,Poland,Attacking Midfield,19,UD Logroñés,LaLiga2,Spain
Leeds United,Championship,England,23,Poland,Goalkeeper,23,Without Club,NA,NA
Leeds United,Championship,England,21,England,Goalkeeper,21,Without Club,NA,NA
Leeds United,Championship,England,24,England,Right Winger,24,Man City,Premier League,England
Leeds United,Championship,England,23,France,Centre-Forward,23,RB Leipzig,Bundesliga,Germany
Leeds United,Championship,England,26,Angola,Right Winger,26,Wolves,Premier League,England
Leeds United,Championship,England,22,England,Right-Back,22,Brighton,Premier League,England
Leeds United,Championship,England,20,France,Goalkeeper,20,FC Lorient,Ligue 1,France
Leeds United,Championship,England,21,England,Central Midfield,21,Lincoln City,League One,England
Leeds United,Championship,England,20,England,Attacking Midfield,20,Swindon Town,League One,England
Leeds United,Championship,England,22,Netherlands,Centre-Forward,22,VfL Osnabrück,2. Bundesliga,Germany
Leeds United,Championship,England,24,Ireland,Centre-Back,24,Rochdale,League One,England
Leeds United,Championship,England,21,England,Central Midfield,21,Salford,League Two,England
Leeds United,Championship,England,20,England,Attacking Midfield,20,Bradford,League Two,England
Crystal Palace,Premier League,England,22,England,Attacking Midfield,22,QPR,Championship,England
Crystal Palace,Premier League,England,27,England,Goalkeeper,27,Stoke City,Championship,England
Crystal Palace,Premier League,England,29,England,Right-Back,29,Liverpool,Premier League,England
Crystal Palace,Premier League,England,19,England,Centre-Back,19,West Brom,Premier League,England
Crystal Palace,Premier League,England,26,Belgium,Centre-Forward,26,Chelsea,Premier League,England
Crystal Palace,Premier League,England,20,England,Left-Back,20,Palace U21,Premier League 2,England
Crystal Palace,Premier League,England,24,Norway,Centre-Forward,24,Trabzonspor,Süper Lig,Türkiye
Crystal Palace,Premier League,England,27,England,Centre-Forward,27,Sheff Wed,Championship,England
Crystal Palace,Premier League,England,26,Poland,Centre-Back,26,Raków,Ekstraklasa,Poland
Crystal Palace,Premier League,England,22,England,Centre-Back,22,Plymouth,League One,England
Crystal Palace,Premier League,England,24,Norway,Centre-Forward,24,RB Leipzig,Bundesliga,Germany
Crystal Palace,Premier League,England,23,England,Goalkeeper,23,Billericay,National League South,England
Crystal Palace,Premier League,England,25,England,Centre-Back,25,Charlton,League One,England
Crystal Palace,Premier League,England,26,Poland,Centre-Back,26,Fortuna Sittard,Eredivisie,Netherlands
Crystal Palace,Premier League,England,27,Belgium,Centre-Forward,27,Chelsea,Premier League,England
Crystal Palace,Premier League,England,23,France,Centre-Forward,23,1.FSV Mainz 05,Bundesliga,Germany
Crystal Palace,Premier League,England,19,Scotland,Centre-Forward,19,Stalybridge,NA,England
Crystal Palace,Premier League,England,26,Poland,Centre-Back,26,Fortuna Sittard,Eredivisie,Netherlands
Crystal Palace,Premier League,England,25,Germany,Attacking Midfield,25,1.FC Köln,Bundesliga,Germany
Crystal Palace,Premier League,England,26,Poland,Centre-Back,26,Raków,Ekstraklasa,Poland
Crystal Palace,Premier League,England,22,England,Centre-Back,22,Plymouth,League One,England
Sheffield United,Premier League,England,20,England,Centre-Forward,20,Liverpool U21,Premier League 2,England
Sheffield United,Premier League,England,22,England,Goalkeeper,22,Bournemouth,Championship,England
Sheffield United,Premier League,England,23,Scotland,Right Winger,23,West Brom,Premier League,England
Sheffield United,Premier League,England,20,England,Right-Back,20,Derby,Championship,England
Sheffield United,Premier League,England,23,England,Left-Back,23,Derby,Championship,England
Sheffield United,Premier League,England,19,Mali,Central Midfield,19,Sarpsborg 08,Eliteserien,Norway
Sheffield United,Premier League,England,29,England,Goalkeeper,29,Rangers,Premiership,Scotland
Sheffield United,Premier League,England,19,Wales,Defensive Midfield,19,Chelsea,Premier League,England
Sheffield United,Premier League,England,25,Ireland,Centre-Forward,25,West Brom,Premier League,England
Sheffield United,Premier League,England,29,England,Attacking Midfield,29,Nottm Forest,Championship,England
Sheffield United,Premier League,England,22,Wales,Left-Back,22,Stoke City,Championship,England
Sheffield United,Premier League,England,27,Jamaica,Attacking Midfield,27,Middlesbrough,Championship,England
Sheffield United,Premier League,England,34,England,Central Midfield,34,ADO Den Haag,Eredivisie,Netherlands
Sheffield United,Premier League,England,24,England,Goalkeeper,24,Grimsby Town,League Two,England
Sheffield United,Premier League,England,27,Jamaica,Attacking Midfield,27,ADO Den Haag,Eredivisie,Netherlands
Sheffield United,Premier League,England,35,England,Centre-Forward,35,Shrewsbury,League One,England
Sheffield United,Premier League,England,34,England,Central Midfield,34,Fleetwood,League One,England
Sheffield United,Premier League,England,25,Ireland,Centre-Forward,25,West Brom,Premier League,England
Sheffield United,Premier League,England,28,England,Attacking Midfield,28,Nottm Forest,Championship,England
Sheffield United,Premier League,England,23,England,Goalkeeper,23,Kilmarnock FC,Premiership,Scotland
Sheffield United,Premier League,England,19,Mali,Central Midfield,19,Beerschot V.A.,Jupiler Pro League,Belgium
Sheffield United,Premier League,England,21,Wales,Left-Back,21,Luton,Championship,England
Sheffield United,Premier League,England,28,Wales,Right-Back,28,Without Club,NA,NA
Sheffield United,Premier League,England,26,England,Centre-Back,26,Without Club,NA,NA
Sheffield United,Premier League,England,25,England,Left Winger,25,Without Club,NA,NA
Sheffield United,Premier League,England,33,England,Left Winger,33,Without Club,NA,NA
Sheffield United,Premier League,England,23,England,Goalkeeper,23,Man Utd U21,Premier League 2,England
Sheffield United,Premier League,England,20,Wales,Defensive Midfield,20,Chelsea,Premier League,England
Sheffield United,Premier League,England,21,Greece,Centre-Back,21,B. Leverkusen,Bundesliga,Germany
Sheffield United,Premier League,England,23,Curacao,Centre-Forward,23,CC Yatai,League One,China
Sheffield United,Premier League,England,21,Wales,Left-Back,21,Luton,Championship,England
Sheffield United,Premier League,England,24,England,Goalkeeper,24,Kilmarnock FC,Premiership,Scotland
Sheffield United,Premier League,England,24,Netherlands,Goalkeeper,24,FC Emmen,Eredivisie,Netherlands
Sheffield United,Premier League,England,21,Wales,Left-Back,21,Stoke City,Championship,England
Sheffield United,Premier League,England,24,England,Goalkeeper,24,Grimsby Town,League Two,England
West Bromwich Albion,Championship,England,23,England,Centre-Forward,23,Huddersfield,Championship,England
West Bromwich Albion,Championship,England,22,DR Congo,Right Winger,22,West Ham,Premier League,England
West Bromwich Albion,Championship,England,24,Brazil,Attacking Midfield,24,Sporting CP,Liga Portugal,Portugal
West Bromwich Albion,Championship,England,31,England,Goalkeeper,31,Brighton,Premier League,England
West Bromwich Albion,Championship,England,23,Cote d'Ivoire,Centre-Back,23,Wigan,League One,England
West Bromwich Albion,Championship,England,36,Serbia,Right-Back,36,Zenit S-Pb,Premier Liga,Russia
West Bromwich Albion,Championship,England,25,Ireland,Centre-Forward,25,Sheff Utd,Premier League,England
West Bromwich Albion,Championship,England,20,England,Central Midfield,20,Chelsea U21,Premier League 2,England
West Bromwich Albion,Championship,England,25,Croatia,Attacking Midfield,25,Benfica,Liga Portugal,Portugal
West Bromwich Albion,Championship,England,18,England,Goalkeeper,18,West Brom U18,U18 Premier League,England
West Bromwich Albion,Championship,England,23,Scotland,Right Winger,23,Alavés,LaLiga,Spain
West Bromwich Albion,Championship,England,27,Denmark,Centre-Forward,27,Millwall,Championship,England
West Bromwich Albion,Championship,England,21,England,Central Midfield,21,Birmingham,Championship,England
West Bromwich Albion,Championship,England,31,England,Centre-Forward,31,QPR,Championship,England
West Bromwich Albion,Championship,England,23,England,Defensive Midfield,23,QPR,Championship,England
West Bromwich Albion,Championship,England,22,England,Defensive Midfield,22,Charlton,League One,England
West Bromwich Albion,Championship,England,19,England,Goalkeeper,19,Cheltenham,League Two,England
West Bromwich Albion,Championship,England,24,England,Goalkeeper,24,Lincoln City,League One,England
West Bromwich Albion,Championship,England,23,Scotland,Right Winger,23,Sheff Utd,Premier League,England
West Bromwich Albion,Championship,England,21,England,Right Winger,21,Birmingham,Championship,England
West Bromwich Albion,Championship,England,29,Egypt,Centre-Back,29,Al-Ittihad,Saudi Pro League,Saudi Arabia
West Bromwich Albion,Championship,England,19,England,Centre-Back,19,Crystal Palace,Premier League,England
West Bromwich Albion,Championship,England,35,Northern Ireland,Central Midfield,35,Bristol City,Championship,England
West Bromwich Albion,Championship,England,26,Denmark,Centre-Forward,26,Millwall,Championship,England
West Bromwich Albion,Championship,England,24,England,Goalkeeper,24,Lincoln City,League One,England
West Bromwich Albion,Championship,England,18,England,Goalkeeper,18,Cheltenham,League Two,England
West Bromwich Albion,Championship,England,38,Oman,Goalkeeper,38,NA,NA,NA
West Bromwich Albion,Championship,England,39,England,Defensive Midfield,39,NA,NA,NA
West Bromwich Albion,Championship,England,23,England,Right Midfield,23,Arsenal,Premier League,England
West Bromwich Albion,Championship,England,21,England,Central Midfield,21,Chelsea U21,Premier League 2,England
West Bromwich Albion,Championship,England,24,Brazil,Attacking Midfield,24,Sporting CP,Liga Portugal,Portugal
West Bromwich Albion,Championship,England,25,Ireland,Centre-Forward,25,Sheff Utd,Premier League,England
West Bromwich Albion,Championship,England,22,DR Congo,Right Winger,22,West Ham,Premier League,England
West Bromwich Albion,Championship,England,24,Croatia,Attacking Midfield,24,Benfica,Liga Portugal,Portugal
West Bromwich Albion,Championship,England,29,Senegal,Centre-Forward,29,Galatasaray,Süper Lig,Türkiye
West Bromwich Albion,Championship,England,33,Scotland,Right Winger,33,West Ham,Premier League,England
West Bromwich Albion,Championship,England,37,England,Goalkeeper,37,Stoke City,Championship,England
West Bromwich Albion,Championship,England,23,England,Right Midfield,23,Arsenal,Premier League,England
West Bromwich Albion,Championship,England,26,Türkiye,Defensive Midfield,26,Celta de Vigo,LaLiga,Spain
West Bromwich Albion,Championship,England,27,England,Goalkeeper,27,Los Angeles,MLS,United States
West Bromwich Albion,Championship,England,31,England,Centre-Forward,31,QPR,Championship,England
West Bromwich Albion,Championship,England,20,England,Central Midfield,20,Birmingham,Championship,England
West Bromwich Albion,Championship,England,24,Cote d'Ivoire,Centre-Back,24,R Charleroi SC,Jupiler Pro League,Belgium
West Bromwich Albion,Championship,England,22,England,Defensive Midfield,22,QPR,Championship,England
West Bromwich Albion,Championship,England,25,Croatia,Attacking Midfield,25,Benfica,Liga Portugal,Portugal
Burnley FC,Premier League,England,31,England,Central Midfield,31,Brighton,Premier League,England
Burnley FC,Premier League,England,27,England,Goalkeeper,27,Wolves,Premier League,England
Burnley FC,Premier League,England,22,Ireland,Centre-Back,22,Burnley U21,Premier League 2,England
Burnley FC,Premier League,England,20,England,Central Midfield,20,Burnley U21,Premier League 2,England
Burnley FC,Premier League,England,28,England,Centre-Back,28,Norwich,Championship,England
Burnley FC,Premier League,England,21,Australia,Defensive Midfield,21,Brisbane Roar,A-League Men,Australia
Burnley FC,Premier League,England,27,England,Centre-Back,27,Norwich,Championship,England
Burnley FC,Premier League,England,28,Ireland,Central Midfield,28,Newcastle,Premier League,England
Burnley FC,Premier League,England,33,England,Right Winger,33,Kayserispor,Süper Lig,Türkiye
Burnley FC,Premier League,England,33,England,Goalkeeper,33,Tottenham,Premier League,England
Burnley FC,Premier League,England,22,Australia,Defensive Midfield,22,Melbourne City,A-League Men,Australia
Burnley FC,Premier League,England,33,England,Goalkeeper,33,Without Club,NA,NA
